./Fonts/Shrikhand/Shrikhand-Regular.ttf
./Fonts/Shrikhand/OFL.txt
./Fonts/Amatic_SC/AmaticSC-Regular.ttf
./Fonts/Amatic_SC/AmaticSC-Bold.ttf
./Fonts/.DS_Store
./Fonts/Oscine_A_Bd.ttf
./Fonts/Barrio/.DS_Store
./Fonts/Barrio/Barrio-Regular.ttf
./Fonts/BebasNeue/.DS_Store
./Fonts/BebasNeue/BebasNeue Regular.ttf
./Fonts/BebasNeue/BebasNeue Light.ttf
./Fonts/BebasNeue/BebasNeue Bold.ttf
./Fonts/BebasNeue/BebasNeue Book.ttf
./Fonts/BebasNeue/BebasNeue Thin.ttf
./Fonts/Courgette/.DS_Store
./Fonts/Courgette/Courgette-Regular.ttf
./Fonts/Comfortaa/.DS_Store
./Fonts/Comfortaa/Comfortaa-Light.ttf
./Fonts/Comfortaa/Comfortaa-Regular.ttf
./Fonts/Comfortaa/Comfortaa-Bold.ttf
./Fonts/Chelsea_Market/.DS_Store
./Fonts/Chelsea_Market/ChelseaMarket-Regular.ttf
./Fonts/Bowlby_One_SC/BowlbyOneSC-Regular.ttf
./Fonts/Bowlby_One_SC/.DS_Store
./Fonts/Oscine_A_Rg.ttf
./Fonts/Oswald/Oswald-Bold.ttf
./Fonts/Oswald/Oswald-SemiBold.ttf
./Fonts/Oswald/Oswald-Medium.ttf
./Fonts/Oswald/Oswald-Regular.ttf
./Fonts/Oswald/Oswald-ExtraLight.ttf
./Fonts/Oswald/Oswald-Light.ttf
./Fonts/Domine/.DS_Store
./Fonts/Domine/Domine-Regular.ttf
./Fonts/Domine/Domine-Bold.ttf
./Fonts/Gaegu/Gaegu-Light.ttf
./Fonts/Gaegu/Gaegu-Regular.ttf
./Fonts/Gaegu/.DS_Store
./Fonts/Gaegu/Gaegu-Bold.ttf
./Fonts/FilesWithPath.txt
./Fonts/Butler/Butler_Light.otf
./Fonts/Butler/Butler_Regular.otf
./Fonts/Butler/Butler_ExtraBold.otf
./Fonts/Butler/Butler_Ultra_Light.otf
./Fonts/Butler/Butler_Medium.otf
./Fonts/Butler/Butler_Bold.otf
./Fonts/Butler/Butler_Black.otf
./Fonts/Copse/.DS_Store
./Fonts/Copse/Copse-Regular.ttf
./Fonts/Montserrat/Montserrat-LightItalic.ttf
./Fonts/Montserrat/Montserrat-Medium.ttf
./Fonts/Montserrat/Montserrat-BoldItalic.ttf
./Fonts/Montserrat/Montserrat-Light.ttf
./Fonts/Montserrat/Montserrat-ThinItalic.ttf
./Fonts/Montserrat/Montserrat-ExtraLight.ttf
./Fonts/Montserrat/Montserrat-Thin.ttf
./Fonts/Montserrat/Montserrat-Bold.ttf
./Fonts/Montserrat/Montserrat-MediumItalic.ttf
./Fonts/Montserrat/Montserrat-BlackItalic.ttf
./Fonts/Montserrat/Montserrat-SemiBold.ttf
./Fonts/Montserrat/Montserrat-ExtraLightItalic.ttf
./Fonts/Montserrat/Montserrat-ExtraBold.ttf
./Fonts/Montserrat/OFL.txt
./Fonts/Montserrat/Montserrat-Black.ttf
./Fonts/Montserrat/Montserrat-Regular.ttf
./Fonts/Montserrat/Montserrat-Italic.ttf
./Fonts/Montserrat/Montserrat-SemiBoldItalic.ttf
./Fonts/Montserrat/Montserrat-ExtraBoldItalic.ttf
./Fonts/Open_Sans/OpenSans-SemiBold.ttf
./Fonts/Open_Sans/OpenSans-Light.ttf
./Fonts/Open_Sans/OpenSans-Italic.ttf
./Fonts/Open_Sans/OpenSans-ExtraBold.ttf
./Fonts/Open_Sans/OpenSans-LightItalic.ttf
./Fonts/Open_Sans/OpenSans-Bold.ttf
./Fonts/Open_Sans/OpenSans-SemiBoldItalic.ttf
./Fonts/Open_Sans/OpenSans-ExtraBoldItalic.ttf
./Fonts/Open_Sans/OpenSans-Regular.ttf
./Fonts/Open_Sans/OpenSans-BoldItalic.ttf
./Fonts/Bevan/Bevan-Regular.ttf
./Fonts/Alfa_Slab_One/.DS_Store
./Fonts/Alfa_Slab_One/AlfaSlabOne-Regular.ttf
./Fonts/PT_Sans/PT_Sans-Web-Italic.ttf
./Fonts/PT_Sans/PT_Sans-Web-Regular.ttf
./Fonts/PT_Sans/PT_Sans-Web-Bold.ttf
./Fonts/PT_Sans/PT_Sans-Web-BoldItalic.ttf
./Fonts/heavy_dock11.otf
./Fonts/Editor/BowlbyOneSC-Regular.ttf
./Fonts/Editor/LoveYaLikeASister.ttf
./Fonts/Editor/.DS_Store
./Fonts/Editor/BungeeInline-Regular.ttf
./Fonts/Editor/Anton-Regular.ttf
./Fonts/Editor/Sacramento-Regular.ttf
./Fonts/Editor/Quicksand-Regular.ttf
./Fonts/Editor/CabinSketch-Regular.ttf
./Fonts/Editor/NanumPenScript-Regular.ttf
./Fonts/Editor/PlayfairDisplay-Regular.ttf
./Fonts/Editor/SpecialElite-Regular.ttf
./Fonts/Editor/FrederickatheGreat-Regular.ttf
./Fonts/Editor/PressStart2P-Regular.ttf
./Fonts/Editor/Monoton-Regular.ttf
./Fonts/Editor/StardosStencil-Regular.ttf
./Fonts/Editor/Graduate-Regular.ttf
./Fonts/Editor/LifeSavers-Regular.ttf
./Fonts/Editor/LondrinaOutline-Regular.ttf
./Fonts/Editor/Pacifico-Regular.ttf
./Fonts/Editor/Pompiere-Regular.ttf
./Fonts/Editor/RobotoSlab-Regular.ttf
./Fonts/Barlow/Barlow-Light.ttf
./Fonts/Barlow/Barlow-SemiBoldItalic.ttf
./Fonts/Barlow/Barlow-BoldItalic.ttf
./Fonts/Barlow/Barlow-ExtraLight.ttf
./Fonts/Barlow/Barlow-ThinItalic.ttf
./Fonts/Barlow/Barlow-MediumItalic.ttf
./Fonts/Barlow/Barlow-Italic.ttf
./Fonts/Barlow/Barlow-ExtraLightItalic.ttf
./Fonts/Barlow/Barlow-ExtraBoldItalic.ttf
./Fonts/Barlow/Barlow-Thin.ttf
./Fonts/Barlow/Barlow-ExtraBold.ttf
./Fonts/Barlow/Barlow-LightItalic.ttf
./Fonts/Barlow/Barlow-Bold.ttf
./Fonts/Barlow/OFL.txt
./Fonts/Barlow/Barlow-Medium.ttf
./Fonts/Barlow/Barlow-Regular.ttf
./Fonts/Barlow/Barlow-BlackItalic.ttf
./Fonts/Barlow/Barlow-SemiBold.ttf
./Fonts/Barlow/Barlow-Black.ttf
./Fonts/Arvo/Arvo-Regular.ttf
./Fonts/Arvo/Arvo-Bold.ttf
./Fonts/Arvo/Arvo-BoldItalic.ttf
./Fonts/Arvo/Arvo-Italic.ttf
./Fonts/Bahiana/.DS_Store
./Fonts/Bahiana/Bahiana-Regular.ttf
